"","Value","Std.Error","p.value","spp","site"
"1",0.41533409449252,0.937687877188085,0.658853025050431,"GR","W1"
"2",-0.164852070115253,0.20172716994024,0.415662766660868,"GR","O3"
