"","Value","Std.Error","p.value","spp","site"
"1",1.43888375680515,1.81886365304028,0.43168338374772,"GR","W1"
"2",-0.265333665441216,0.313269782985701,0.400610745745471,"GR","O3"
