"","Value","Std.Error","p.value","spp","site"
"1",-0.374709234651849,0.267808569919746,0.174554519166197,"AF","W1"
"2",0.171979731895772,0.170555673305329,0.316051290730385,"AF","O3"
"3",-0.25138384236613,0.525078740300032,0.652316241814924,"AF","Bieb"
"4",-0.00502709097283366,0.686520221436144,0.99426866684047,"AF","Auba"
