"","Value","Std.Error","p.value","spp","site"
"1",-0.0158991369073885,0.0947432872486033,0.867576144337527,"AF","W1"
"2",-0.0326091065199272,0.0536070204685229,0.543786869969094,"AF","O3"
"3",0.0428693534458019,0.184092655340942,0.821073253091294,"AF","Bieb"
"4",-0.0667316256239708,0.202106810452956,0.74273123381381,"AF","Auba"
