"","(Intercept)","LA_sub$sYryly_Temp","poly(LA_sub$sDOY, 2)1","poly(LA_sub$sDOY, 2)2","LA_sub$Ldens"
"Est",5.07477431591678,0.102133784550156,-10.7975037406246,-8.23856048673509,-0.0725519531815221
"SE",1.220233498333,0.486793130203518,4.94597762542632,4.81794307788203,0.829295824261295
"t",4.15885510670669,0.209809420497484,-2.18308786621208,-1.70997464136848,-0.0874862154842616
"p",0.0000319846696927861,0.833816420216529,0.0290293399657198,0.0872705624239243,0.930285041868498
