"","(Intercept)","LA_sub$sYryly_Temp","LA_sub$sDOY","LA_sub$Ldens"
"Est",5.42362988904854,0.764977648261377,-0.609115249695268,-0.581792527247559
"SE",2.12914953476065,0.857777078726122,0.538219097640061,1.27384375882669
"t",2.54732220565159,0.891814047301706,-1.13172359057132,-0.456722045554028
"p",0.0108553152928028,0.372492611084436,0.257750660382968,0.647870843109142
