"","(Intercept)","BH_sub$sYryly_Temp","BH_sub$sDOY","BH_sub$Ldens"
"Est",2.35657404925281,0.205852120806822,-0.062724715309695,-0.276153613477977
"SE",0.190608659945666,0.0661637431925721,0.0658941651418172,0.153155964142443
"t",12.3634154393854,3.1112526419142,-0.951900903133063,-1.80308755864799
"p",0,0.00186295478463494,0.34114724148432,0.0713744647429253
