"","(Intercept)","BW_sub$sYryly_Temp","BW_sub$sDOY","BW_sub$Ldens"
"Est",3.94949711079151,0.216465762757783,-0.039220872301069,-0.295209057326975
"SE",0.296684839353309,0.107747248332709,0.0932740034044252,0.236175263855752
"t",13.3120961603576,2.00901430066564,-0.420490928549639,-1.24995756332585
"p",0,0.0445356171524502,0.674126854933697,0.211315049784313
