"","(Intercept)","LA_sub$syr","LA_sub$sDOY","LA_sub$Ldens"
"Est",5.18902664230644,-0.169791624513647,-0.806992997113127,-0.0821705747129584
"SE",1.17614175538965,0.425860277980561,0.358385589176214,0.730512349851523
"t",4.41190580857096,-0.39870265740398,-2.25174510774298,-0.112483484679841
"p",0.0000102464690363568,0.690112309567677,0.0243383843423528,0.910440063950192
