"","(Intercept)","BH_sub$syr","BH_sub$sDOY","BH_sub$Ldens"
"Est",2.29090176317386,-0.0557035756737307,-0.204643618340338,-0.284593377152835
"SE",0.195270671550073,0.0431438649025488,0.0414253349497775,0.118450844543834
"t",11.7319295570016,-1.29111232383912,-4.94005947298773,-2.40262851859633
"p",0,0.196664731292318,0.000000780987464921168,0.0162777136688679
