"","Value","Std.Error","p.value","spp","site"
"1",0.0799567217418619,0.854613483925887,0.925662987807293,"GR","W1"
"2",-0.463711977972384,0.196864860897865,0.0203559433939008,"GR","O3"
