"","taxa","Value","Std.Error","p.value"
"1","Ancylus fluviatilis",0.0982094536291258,0.0602957011719144,0.108871135542777
"2","Aphelocheirus aestivalis",0.0630164260100921,0.0786668760215244,0.42681661281933
"3","Baetis rhodani",-0.0968715600466811,0.0436192829389222,0.0285514904251351
"4","Eiseniella tetraedra",0.0577176923484452,0.0720109732454159,0.427047216000632
"5","Ephemera danica",0.269604063290569,0.0419932388779659,0.0000000043637710084017
"6","Gammarus roeselii",0.280286428010533,0.0799313668228607,0.000944364238804446
"7","Hydropsyche siltalai",-0.168217162791366,0.0558884887094129,0.00345011288394592
"8","Orectochilus villosus",-0.0440841433006315,0.0697468397522495,0.531575573782569
"9","Prodiamesa olivacea",-0.0082200197218827,0.081889767600647,0.920307704486226
